c_id,c_name,c_email,c_mob_no
1,acob Gould,Summer@gmail.com,6659596158
2,Cristal Dickerson,Joy@gmail.com,5191171419
3,Finley Hardin,Sloane@gmail.com,2383054138
4,Quinn May,Kaitlynn@gmail.com,3714240977
5,Skylar Pennington,Maria@gmail.com,3849628089
6,Mariah Erickson,Heidi@gmail.com,7220258970
7,Odin Huffman,Luz@gmail.com,1069133248
8,Sawyer Spence,Aryana@gmail.com,1436008681
9,Harley Gonzalez,Yadira@gmail.com,1083518087
10,Sandra Beck,Molly@gmail.com,6779228486
11,Nathanael Blankenship,Azaria@gmail.com,5211546843
12,Tatiana Castillo,Janelle@gmail.com,2249706166
13,Myles Montoya,Monica@gmail.com,9940899366
14,Cale Wiley,Yoselin@gmail.com,8838649124
15,Cristofer Keller,Valerie@gmail.com,1072382763
16,Ella Bright,Maggie@gmail.com,3263883437
17,Jazmin Benson,Kathleen@gmail.com,7016535938
18,Hadassah Sandoval,Tara@gmail.com,6982482398
19,Libby Lang,Kamora@gmail.com,5958766342
20,Amirah York,Karissa@gmail.com,9388392629
21,Journey Daugherty,Jocelyn@gmail.com,3752772527
22,Karlee Pacheco,Kaylah@gmail.com,2246431010
23,Skyla Potter,Shelby@gmail.com,8167275510
24,Amari Greene,Hailie@gmail.com,2585317654
25,Gabriel Proctor,Zaniyah@gmail.com,5346055080
26,Jenna Kirk,Dominique@gmail.com,1235343328
27,Lizbeth Dunn,Mariam@gmail.com,1075182145
28,Hudson Church,Natasha@gmail.com,7359832267
29,Brock Morris,Lilly@gmail.com,9571677699
30,Giselle Solis,Emily@gmail.com,6338705756
31,Charlie Blackwell,Bethany@gmail.com,2789193324
32,Isai Burns,Courtney@gmail.com,3955520289
33,Lia Miller,Haven@gmail.com,2052069970
34,Kamron Stafford,Izabella@gmail.com,4506711487
35,Madalyn Clark,Ashlynn@gmail.com,3613771113
36,Howard Austin,Janiya@gmail.com,5730103583
37,Marcos Collier,Tatiana@gmail.com,1732230836
38,Ayanna Luna,Angela@gmail.com,1061391652
39,Kira Mccann,Hayley@gmail.com,5228354235
40,Brandon Holland,Lea@gmail.com,8009046228
41,Peyton Tucker,Carolina@gmail.com,6377902915
42,Maxim Harding,Savanah@gmail.com,8564799813
43,Macy Faulkner,Brittany@gmail.com,2989763466
44,Lailah Odonnell,Saniya@gmail.com,4834214139
45,Kaylen Mayo,Ashleigh@gmail.com,2731534230
46,Nicolas Erickson,Fernanda@gmail.com,2654026441
47,Briley Daniel,Melina@gmail.com,6741176377
48,Angeline Villanueva,Shirley@gmail.com,6611319651
49,Gillian Cook,Jazmine@gmail.com,3544021007
50,Braylon Moore,Erika@gmail.com,8281727473
51,Demarion Galvan,Madeline@gmail.com,6108958507
52,Maxwell Jensen,Cierra@gmail.com,3997234386
53,Jamiya Flores,Makaila@gmail.com,2020669338
54,Misael Nolan,Gretchen@gmail.com,5185624107
55,Rory Wall,Sarai@gmail.com,2004044134
56,Carley Melton,Julianna@gmail.com,3851412276
57,Frida Rosario,Annabella@gmail.com,6725814775
58,Aleah Banks,Kathy@gmail.com,9656650324
59,Issac Hines,Nola@gmail.com,3760410203
60,Jasmin Wilcox,Amina@gmail.com,9491724971
61,Malachi Hopkins,Katherine@gmail.com,6450532450
62,Clay Escobar,Azul@gmail.com,6584892223
63,Chaim Spence,Sienna@gmail.com,6719251996
64,Dorian Santana,Alana@gmail.com,6853611770
65,Jadyn Curry,Rubi@gmail.com,6987971543
66,Neveah Cummings,Carina@gmail.com,7122331316
67,Brianna Pineda,Jaida@gmail.com,7256691089
68,Brynlee Maxwell,Cara@gmail.com,7391050862
69,Gage Rush,Mina@gmail.com,7525410635
70,Hannah Hanson,Kallie@gmail.com,7659770409
71,Nayeli Jimenez,Akira@gmail.com,7794130182
72,Amy Haynes,London@gmail.com,7928489955
73,Jessie Porter,Aaliyah@gmail.com,8062849728
74,Jamison Valenzuela,Kenzie@gmail.com,8197209501
75,Osvaldo Jennings,Keyla@gmail.com,8331569274
76,Skylar Richmond,Nyla@gmail.com,8465929048
77,Aria Henderson,Wendy@gmail.com,8600288821
78,Kylan Perkins,Aspen@gmail.com,8734648594
79,Brianna Stephenson,Cali@gmail.com,8869008367
80,Jazmyn Espinoza,Rayne@gmail.com,9003368140
